Job ID,Job URL,Job Title,Company Name,Status,Timestamp,WP ID
1fbd44a079abaf61,https://se.linkedin.com/jobs/view/senior-android-engineer-at-sitoo-4451528773,Senior Android Engineer,,scraped,2026-09-14T09:00:00.711585,
fd56ebceee898bca,https://se.linkedin.com/jobs/view/progress-4-gl-utvecklare-at-cgi-4455357758,Progress 4 GL utvecklare,,scraped,2026-09-14T09:00:08.266638,
75d3b8b4e64bf196,https://se.linkedin.com/jobs/view/business-development-representative-at-sirocco-group-4466038898,Business Development Representative,,scraped,2026-09-14T09:00:15.078981,
c86ffdc340ced9f6,https://se.linkedin.com/jobs/view/sales-director-crm-solutions-at-servicenow-4464367858,"Sales Director, CRM Solutions",ServiceNow,failed|wp_post_failed,2026-09-14T09:00:27.292862,
389883bfc08f843a,https://se.linkedin.com/jobs/view/java-developer-f-m-x-at-sii-sweden-4451543584,Java Developer (f/m/x),Sii Sweden,failed|wp_post_failed,2026-09-14T09:00:39.471749,
2626a45418d481dd,https://se.linkedin.com/jobs/view/ai-engineer-at-jeppesen-foreflight-4464540128,AI Engineer,Jeppesen ForeFlight,failed|wp_post_failed,2026-09-14T09:00:47.666494,
27292fe9cb871061,https://se.linkedin.com/jobs/view/account-manager-stockholm-at-ny-media-sverige-ab-4467045750,Account Manager - Stockholm,,scraped,2026-09-14T09:00:50.295806,
bb302d2a344213f3,https://se.linkedin.com/jobs/view/gtm-account-executive-at-miramis-technologies-formerly-pocketlaw-4463891599,GTM Account Executive,,scraped,2026-09-14T09:00:59.557627,
0a34e98fa0e86f34,https://se.linkedin.com/jobs/view/enterprise-account-executive-at-insightsoftware-4455769441,Enterprise Account Executive,insightsoftware,failed|wp_post_failed,2026-09-14T09:01:10.426694,
2741a874604a7557,https://se.linkedin.com/jobs/view/senior-backend-c%23-platform-developer-at-hacksaw-studios-4462227463,Senior Backend (C#) Platform Developer,,scraped,2026-09-14T09:01:13.027169,
2bb91e318c187b85,https://se.linkedin.com/jobs/view/sales-director-manufacturing-at-servicenow-4464658897,"Sales Director, Manufacturing",ServiceNow,failed|wp_post_failed,2026-09-14T09:01:24.879058,
3b0137d32ef84ea1,https://se.linkedin.com/jobs/view/shop-manager-m-f-x-at-blue-tomato-gmbh-4462872551,Shop Manager (m/f/x),,scraped,2026-09-14T09:01:27.517093,
776db957066b8ee0,https://se.linkedin.com/jobs/view/senior-sales-executive-nordics-at-open-systems-4455510193,"Senior Sales Executive, Nordics",,scraped,2026-09-14T09:01:34.539415,
a2ea79a9ca8a4e93,https://se.linkedin.com/jobs/view/senior-researcher-in-video-coding-at-ericsson-4437993320,Senior Researcher in Video Coding,,scraped,2026-09-14T09:01:41.263338,
b3445d87ac346074,https://se.linkedin.com/jobs/view/account-executive-facility-management-at-eg-a-s-4462968853,Account Executive - Facility Management,,scraped,2026-09-14T09:01:47.732452,
0b4ba69a84aac1a2,https://se.linkedin.com/jobs/view/ai-project-manager-at-kicks-4466091990,AI Project Manager,,scraped,2026-09-14T09:01:55.006404,
0be6e0ed19e9612d,https://se.linkedin.com/jobs/view/software-engineer-infrastructure-at-neo4j-4455332702,Software Engineer - Infrastructure,Neo4j,failed|wp_post_failed,2026-09-14T09:02:07.383000,
e18f816964d8189f,https://se.linkedin.com/jobs/view/people-program-manager-market-expansion-at-legora-4452270063,People Program Manager - Market Expansion,,scraped,2026-09-14T09:02:09.982494,
83ab2670f69270e8,https://se.linkedin.com/jobs/view/client-executive-acquisition-at-foxway-4464478101,Client Executive (Acquisition),,scraped,2026-09-14T09:02:16.370410,
e4f17ad44e2b82ab,https://se.linkedin.com/jobs/view/account-executive-at-bits-technology-4465013295,Account Executive,,scraped,2026-09-14T09:02:24.897849,
18d8070271ce36ad,https://se.linkedin.com/jobs/view/account-executive-sweden-at-neural-concept-4444128352,Account Executive - Sweden,,scraped,2026-09-14T09:02:31.380078,
3add56d7a09167b2,https://se.linkedin.com/jobs/view/business-developer-at-xenit-ab-4463874896,Business Developer,,scraped,2026-09-14T09:02:37.678853,
a54a5b9fab3d83d9,https://se.linkedin.com/jobs/view/regional-sales-director-at-intaso-4462226761,Regional Sales Director,,scraped,2026-09-14T09:02:44.961555,
baae140e2c5e3128,https://se.linkedin.com/jobs/view/grc-team-lead-cyber-security-at-hiq-4399782416,GRC Team Lead -Cyber Security,,scraped,2026-09-14T09:02:53.476098,
c28acd1d29a64721,https://se.linkedin.com/jobs/view/g%C3%B6teborg-bagare-till-fr%C3%B6ken-olsson-at-jobbakuten-v%C3%A4st-ab-4464840101,Göteborg: Bagare till Fröken Olsson,JOBBAKUTEN VÄST AB,failed|wp_post_failed,2026-09-14T09:03:07.054287,
247cf8a8aa3de2ea,https://se.linkedin.com/jobs/view/teknisk-s%C3%A4ljare-at-smc-automation-4466045890,Teknisk säljare,SMC Automation,failed|wp_post_failed,2026-09-14T09:03:54.088241,
1fdb860ce03dc95f,https://se.linkedin.com/jobs/view/key-account-manager-at-3-sverige-4455311904,Key Account Manager,,scraped,2026-09-14T09:03:56.681534,
07be455ec3314d13,https://se.linkedin.com/jobs/view/senior-software-engineer-ios-at-scrl-4451545023,"Senior Software Engineer, iOS",,scraped,2026-09-14T09:04:03.244729,
46a092855512d14a,https://se.linkedin.com/jobs/view/senior-ai-engineer-center-of-excellence-at-columbus-4466446236,Senior AI Engineer - Center of Excellence,,scraped,2026-09-14T09:04:09.579512,
41abf7a3ace29896,https://se.linkedin.com/jobs/view/forward-deployed-engineer-at-scout-global-4459513740,Forward Deployed Engineer,,scraped,2026-09-14T09:04:17.091129,
9905521860f2505b,https://se.linkedin.com/jobs/view/people-operations-partner-till-net-insight-at-wise-hr-4462504951,People Operations Partner till Net Insight,Wise HR,failed|wp_post_failed,2026-09-14T09:04:31.121062,
0c2228b28297773b,https://se.linkedin.com/jobs/view/senior-software-engineer-at-flower-4465891552,Senior Software Engineer,,scraped,2026-09-14T09:04:33.758766,
84c8b9eb4200043f,https://se.linkedin.com/jobs/view/senior-penetration-tester-at-hiq-4409781802,Senior Penetration Tester,,scraped,2026-09-14T09:04:40.822188,
1dbd799b90d24c5c,https://se.linkedin.com/jobs/view/g%C3%B6teborg-bagaretill-evas-paley-at-jobbakuten-v%C3%A4st-ab-4464839081,Göteborg: Bagaretill Evas Paley,JOBBAKUTEN VÄST AB,failed|wp_post_failed,2026-09-14T09:04:54.192848,
d116fb5feb776dbe,https://se.linkedin.com/jobs/view/power-platform-utvecklare-at-b3-cloud-4360589185,Power Platform-utvecklare,B3 Cloud,failed|wp_post_failed,2026-09-14T09:05:39.512445,
621fcc0d2db7f713,https://se.linkedin.com/jobs/view/labor-standards-expert-at-h-m-4465652225,Labor Standards Expert,H&M,failed|wp_post_failed,2026-09-14T09:05:50.748815,
3a359acf7036cc1d,https://se.linkedin.com/jobs/view/senior-back-end-developer-at-b3-coderight-3818112108,Senior Back end Developer,B3 CodeRight,failed|wp_post_failed,2026-09-14T09:06:02.040976,
8439519daa269230,https://se.linkedin.com/jobs/view/product-manager-personal-safety-at-addsecure-4464585178,Product Manager Personal Safety,,scraped,2026-09-14T09:06:04.712571,
7bfe9834550a7ad3,https://se.linkedin.com/jobs/view/fullstack-developer-at-expleo-group-4250136134,Fullstack Developer,,scraped,2026-09-14T09:06:11.743968,
304af942efa5f805,https://se.linkedin.com/jobs/view/direktupphandlare-till-ink%C3%B6psenheten-at-str%C3%A4ngn%C3%A4s-kommun-4464353438,Direktupphandlare till inköpsenheten,,scraped,2026-09-14T09:06:18.446206,
bfd10e00d84504b6,https://se.linkedin.com/jobs/view/data-scientist-quantumblack-ai-by-mckinsey-at-quantumblack-ai-by-mckinsey-4466401857,"Data Scientist - QuantumBlack, AI by McKinsey","QuantumBlack, AI by McKinsey",failed|wp_post_failed,2026-09-14T09:06:32.538947,
f6c973364f2dc76f,https://se.linkedin.com/jobs/view/security-officer-at-scrive-4457361004,Security Officer,,scraped,2026-09-14T09:06:35.108795,
2e18329214e01650,https://se.linkedin.com/jobs/view/net-utvecklare-at-skandia-4465736154,.NET utvecklare,,scraped,2026-09-14T09:06:41.712327,
1a1ff26f01c2cef6,https://se.linkedin.com/jobs/view/cyber-security-solutions-engineer-at-detectify-4464342341,Cyber Security Solutions Engineer,,scraped,2026-09-14T09:06:48.642225,
7f701d2eb0b19314,https://se.linkedin.com/jobs/view/senior-product-marketing-manager-pricing-packaging-at-legora-4433985102,"Senior Product Marketing Manager, Pricing & Packaging",,scraped,2026-09-14T09:06:55.611461,
3543035ce7e3e48b,https://se.linkedin.com/jobs/view/senior-ai-engineer-growth-at-kraken-4445192698,Senior AI Engineer - Growth,Kraken,failed|wp_post_failed,2026-09-14T09:07:06.463319,
c0afecd490b9b584,https://se.linkedin.com/jobs/view/account-executive-at-darktrace-4464384341,Account Executive,,scraped,2026-09-14T09:07:09.093786,
bb9f9de0fa1c031b,https://se.linkedin.com/jobs/view/station%C3%A4r-v%C3%A4ktare-till-securitas-g%C3%A4llivare-at-securitas-sverige-ab-4463028810,Stationär väktare till Securitas Gällivare,,scraped,2026-09-14T09:07:15.683523,
ee0dc78f45abc639,https://se.linkedin.com/jobs/view/head-of-fx-sales-stockholm-at-swedbank-4463944910,Head of FX Sales Stockholm,,scraped,2026-09-14T09:07:22.479311,
3126b86c90e986d4,https://se.linkedin.com/jobs/view/hr-chef-at-peab-4463993522,HR-chef,Peab,failed|wp_post_failed,2026-09-14T09:08:02.128183,
75b7a2d964b19807,https://se.linkedin.com/jobs/view/engagerad-bim-samordnare-till-stockholm-at-sweco-4434879072,Engagerad BIM-samordnare till Stockholm,,scraped,2026-09-14T09:08:04.710543,
f2a7dcdf9f51a9d4,https://se.linkedin.com/jobs/view/s%C3%A4ljare-till-v%C3%A5rt-inhouse-team-at-sector-alarm-sverige-4466076751,Säljare till vårt Inhouse-Team,,scraped,2026-09-14T09:08:11.416074,
82cee8e5c74b66dd,https://se.linkedin.com/jobs/view/account-manager-retail-point-of-sale-materials-%2B-displays-stockholm-at-hh-global-4466749978,"Account Manager (Retail Point of Sale Materials + Displays), Stockholm",,scraped,2026-09-14T09:08:17.692296,
f90bd80ebfced659,https://se.linkedin.com/jobs/view/vakansl%C3%B6sare-g%C3%B6teborg-at-cubsec-ab-4465470149,Vakanslösare Göteborg,,scraped,2026-09-14T09:08:24.265314,
c985ab71f449009d,https://se.linkedin.com/jobs/view/head-of-customer-experience-at-lovable-4437066851,Head of Customer Experience,Lovable,failed|wp_post_failed,2026-09-14T09:08:40.805128,
e611068e013c60ef,https://se.linkedin.com/jobs/view/ios-utvecklare-till-b3-mobile-at-b3-mobile-3825741306,iOS Utvecklare till B3 Mobile,,scraped,2026-09-14T09:08:43.417751,
806eccf18e87123d,https://se.linkedin.com/jobs/view/broker-de-produits-d%C3%A9riv%C3%A9s-at-gottex-brokers-sa-4463432836,Broker de produits dérivés,,scraped,2026-09-14T09:08:50.656702,
e6c126463db960de,https://se.linkedin.com/jobs/view/security-operations-engineer-at-kambi-4429518035,Security Operations Engineer,,scraped,2026-09-14T09:08:57.898201,
0852b815ba6f603b,https://se.linkedin.com/jobs/view/platschef-at-mvb-ab-4463912391,Platschef,,scraped,2026-09-14T09:09:05.083352,
adf468e297b7d2a4,https://se.linkedin.com/jobs/view/senior-software-engineer-mobile-at-bokio-4462292069,"Senior Software Engineer, Mobile",,scraped,2026-09-14T09:09:12.284969,
bbdf60bc91d69bcd,https://se.linkedin.com/jobs/view/kalkylator-med-aff%C3%A4rst%C3%A4nk-at-gr%C3%B6nasvealand-ab-4463023745,Kalkylator med affärstänk,,scraped,2026-09-14T09:09:19.139916,
9695e4102d48c2de,https://se.linkedin.com/jobs/view/legal-counsel-at-sellpy-4463460052,Legal Counsel,,scraped,2026-09-14T09:09:26.412068,
875e7e7f92b2fa6b,https://se.linkedin.com/jobs/view/head-of-corporate-compliance-dpo-to-viaplay-group-at-selin-legal-4337737409,Head of Corporate Compliance & DPO to Viaplay Group,,scraped,2026-09-14T09:09:33.864309,
3eb08eda2541420e,https://se.linkedin.com/jobs/view/head-of-engineering-at-lime-technologies-4456306095,Head of Engineering,,scraped,2026-09-14T09:09:41.346960,
3d1198db93b14e71,https://se.linkedin.com/jobs/view/recruitment-consultant-at-re-con-finance-ab-4466096270,Recruitment Consultant,,scraped,2026-09-14T09:09:47.946238,
4c8a8627691c9489,https://se.linkedin.com/jobs/view/mainframe-ims-system-programmer-at-dxc-technology-4454289185,Mainframe IMS System Programmer,DXC Technology,failed|wp_post_failed,2026-09-14T09:10:00.158696,
d55fc308a0905bbd,https://se.linkedin.com/jobs/view/customs-manager-at-varopreem-4453448477,Customs Manager,VAROPreem,failed|wp_post_failed,2026-09-14T09:10:08.195150,
8ba8133cb1155e90,https://se.linkedin.com/jobs/view/senior-data-scientist-wolt%2B-analytics-at-wolt-4437075304,"Senior Data Scientist, Wolt+ Analytics",,scraped,2026-09-14T09:10:10.769925,
2efd198fefbfd5aa,https://se.linkedin.com/jobs/view/growth-marketer-at-mediaflow-4464887036,Growth Marketer,,scraped,2026-09-14T09:10:17.924547,
8839a568ea25066b,https://se.linkedin.com/jobs/view/data-scientist-at-magma-math-4455282235,Data Scientist,,scraped,2026-09-14T09:10:25.261748,
a390303e6691793e,https://se.linkedin.com/jobs/view/enterprise-account-executive-at-abnormal-ai-4426139889,Enterprise Account Executive,Abnormal AI,failed|wp_post_failed,2026-09-14T09:10:36.170213,
658d7d301179720d,https://se.linkedin.com/jobs/view/c-c%2B%2B-software-engineer-radio-planning-at-siemens-digital-industries-software-4389519403,C/C++ Software Engineer (Radio Planning),Siemens Digital Industries Software,failed|wp_post_failed,2026-09-14T09:10:44.218792,
6196eb78d49b2d7c,https://se.linkedin.com/jobs/view/m365-consultant-f-m-x-at-sii-poland-4452255640,M365 Consultant (f/m/x),,scraped,2026-09-14T09:10:46.757105,
cf5b1a4cf6e58b72,https://se.linkedin.com/jobs/view/senior-manager-product-marketing-new-games-stockholm-on-site-at-king-4447579716,"Senior Manager, Product Marketing | New Games (Stockholm, On-site)",,scraped,2026-09-14T09:10:54.039422,
6a027e735591f65b,https://se.linkedin.com/jobs/view/nelly-visual-merchandiser-flagship-stores-at-nelly-com-4462234114,"NELLY - Visual Merchandiser, Flagship Stores",,scraped,2026-09-14T09:11:00.943619,
6189440d9d6c824f,https://se.linkedin.com/jobs/view/hyresf%C3%B6rhandlare-at-h-wac-legal-business-partner-4462509366,Hyresförhandlare,,scraped,2026-09-14T09:11:07.446091,
2646d25a56113cbe,https://se.linkedin.com/jobs/view/sales-director-at-evroc-4464653100,Sales Director,evroc,failed|wp_post_failed,2026-09-14T09:11:19.978387,
d3f4de2e2f6db5e3,https://se.linkedin.com/jobs/view/strategic-procurement-consultant-at-three-p-4439065371,Strategic Procurement Consultant,,scraped,2026-09-14T09:11:22.570109,
4e0f80995c065294,https://se.linkedin.com/jobs/view/software-engineer-python-mlops-platform-at-revolut-4406526860,Software Engineer (Python) - MLOps Platform,,scraped,2026-09-14T09:11:29.069460,
f5acbdd75b7e6cd1,https://se.linkedin.com/jobs/view/legitimerad-optiker-till-smarteyes-bor%C3%A5s-at-smarteyes-sverige-4463542688,Legitimerad optiker till Smarteyes Borås,,scraped,2026-09-14T09:11:35.582075,
b552babd2dcecd49,https://se.linkedin.com/jobs/view/head-of-compliance-sint-at-siriuspoint-4428416311,"Head of Compliance, SINT",,scraped,2026-09-14T09:11:42.689073,
2929465b62e3b820,https://se.linkedin.com/jobs/view/staff-product-designer-at-backlight-4464106301,Staff Product Designer,Backlight,failed|wp_post_failed,2026-09-14T09:11:55.426517,
c68911b72223dd3f,https://se.linkedin.com/jobs/view/modulbyggare-at-carcon-se-4463468450,MODULBYGGARE,,scraped,2026-09-14T09:11:58.013621,
c79e99dcc20cb5d1,https://se.linkedin.com/jobs/view/junior-mid-level-sales-executive-at-vivicta-4466333303,Junior/Mid-Level Sales Executive,Vivicta,failed|wp_post_failed,2026-09-14T09:12:10.093438,
323fc442b6f779ed,https://se.linkedin.com/jobs/view/m%C3%B6gelbehandlare-norrk%C3%B6ping-at-isolerab-ab-4464113418,Mögelbehandlare - Norrköping,Isolerab AB,failed|wp_post_failed,2026-09-14T09:12:22.988257,
2740195710c0b10c,https://se.linkedin.com/jobs/view/sales-specialist-at-cbre-global-workplace-solutions-gws-4465651119,Sales Specialist,CBRE Global Workplace Solutions (GWS),failed|wp_post_failed,2026-09-14T09:12:31.070174,
48032d01c73f2686,https://se.linkedin.com/jobs/view/ta-n%C3%A4sta-steg-inom-f%C3%B6rs%C3%A4ljning-at-key-solutions-4464836111,Ta nästa steg inom försäljning,,scraped,2026-09-14T09:12:33.675790,
05730ec9c08b2ab8,https://se.linkedin.com/jobs/view/partner-operations-manager-fin-swe-nor-at-m-files-4464642332,Partner Operations Manager -FIN/SWE/NOR,M-Files,failed|wp_post_failed,2026-09-14T09:12:46.071728,
7f413e144a2da6e1,https://se.linkedin.com/jobs/view/vi-s%C3%B6ker-gpu-programmerare-till-v%C3%A5r-kund-inom-f%C3%B6rsvarsindustrin-at-nexer-group-4433945501,Vi söker GPU programmerare till vår kund inom försvarsindustrin,,scraped,2026-09-14T09:12:48.651438,
60a79103d117ae09,https://se.linkedin.com/jobs/view/game-developer-at-elk-studios-4466072054,Game Developer,,scraped,2026-09-14T09:12:56.761057,
1eddbf614c9afce3,https://se.linkedin.com/jobs/view/store-manager-till-3butiken-uppsala-city-at-3-sverige-4456753862,Store Manager till 3Butiken Uppsala City,,scraped,2026-09-14T09:13:03.477803,
80a156a6cf7e91a8,https://se.linkedin.com/jobs/view/net-backend-developer-automotive-cloud-at-cgi-4465865618,.NET Backend Developer - Automotive & Cloud,,scraped,2026-09-14T09:13:10.031536,
bbe955027dacded4,https://se.linkedin.com/jobs/view/senior-cloud-developer-at-cgi-4456792951,Senior Cloud Developer,,scraped,2026-09-14T09:13:16.449827,
cfc1c9550c65858a,https://se.linkedin.com/jobs/view/head-of-engineering-at-scrl-4451524761,Head of Engineering,,scraped,2026-09-14T09:13:22.804258,
edb49f64366b3d70,https://se.linkedin.com/jobs/view/functional-safety-engineer-at-hiq-4434840444,Functional Safety Engineer,,scraped,2026-09-14T09:13:29.164953,
96da451c98ad8e9f,https://se.linkedin.com/jobs/view/data-engineer-at-b3-consulting-group-4164114051,Data Engineer,,scraped,2026-09-14T09:13:37.172036,
6e0b327d8f9c9463,https://se.linkedin.com/jobs/view/data-engineer-at-b3-consulting-group-4141492663,Data Engineer,,scraped,2026-09-14T09:13:44.476185,
ffe4c21f7042539b,https://se.linkedin.com/jobs/view/data-scientist-at-b3-consulting-group-4164105458,Data Scientist,,scraped,2026-09-14T09:13:51.529248,
d4b49d146caf4155,https://se.linkedin.com/jobs/view/g%C3%B6teborg-bagare-till-condeco-at-jobbakuten-v%C3%A4st-ab-4464846048,Göteborg: Bagare till Condeco,JOBBAKUTEN VÄST AB,failed|wp_post_failed,2026-09-14T09:14:04.247619,
7f0d50ef04d1f8e5,https://se.linkedin.com/jobs/view/sr-enterprise-account-exec-at-servicenow-4447532359,Sr Enterprise Account Exec,ServiceNow,failed|wp_post_failed,2026-09-14T09:14:12.533999,
6cccad3da0e18b87,https://se.linkedin.com/jobs/view/bid-manager-at-saab-4465037426,Bid Manager,,scraped,2026-09-14T09:14:15.136076,
d67cdb8dd0e50ae5,https://se.linkedin.com/jobs/view/workplace-operations-manager-at-wise-admin-f-d-the-pace-4464202486,Workplace Operations Manager,,scraped,2026-09-14T09:14:22.665301,
079a06cec74c516d,https://se.linkedin.com/jobs/view/fullstackutvecklare-med-backend-fokus%21-at-syntronic-a-global-design-house-4462896107,Fullstackutvecklare med backend-fokus!,,scraped,2026-09-14T09:14:29.969540,
cd3b941dfca15ff2,https://se.linkedin.com/jobs/view/mechanical-engineer-ii-at-jbt-marel-4463069245,Mechanical Engineer II,JBT Marel,failed|wp_post_failed,2026-09-14T09:14:43.003170,
44beaaad277ee5e0,https://se.linkedin.com/jobs/view/ticket-nacka-har-dr%C3%B6mjobbet-f%C3%B6r-dig-som-%C3%A4lskar-att-resa-och-s%C3%A4lja-at-ticket-privatresor-4465115926,Ticket Nacka har drömjobbet för dig som älskar att resa och sälja,,scraped,2026-09-14T09:14:45.635117,
a929c9a6a38a21d3,https://se.linkedin.com/jobs/view/product-manager-at-sambla-group-4464877601,Product Manager,,scraped,2026-09-14T09:14:52.225075,
78fd154ffff7123a,https://se.linkedin.com/jobs/view/robotics-engineer-at-cota-robotics-4464766688,Robotics Engineer,,scraped,2026-09-14T09:14:59.952798,
f5b34915ea3740d5,https://se.linkedin.com/jobs/view/enterprise-account-executive-at-mongodb-4466357577,Enterprise Account Executive,MongoDB,failed|wp_post_failed,2026-09-14T09:15:11.914776,
d2bf59aca0f30b70,https://se.linkedin.com/jobs/view/applied-electromagnetics-engineer-physicist-at-max-iv-laboratory-4467044689,Applied Electromagnetics Engineer/Physicist,MAX IV Laboratory,failed|wp_post_failed,2026-09-14T09:15:23.622777,
4acd992d7834ebcc,https://se.linkedin.com/jobs/view/digital-specialist-at-frankly-media-4464999479,Digital Specialist,,scraped,2026-09-14T09:15:26.214133,
63dd3b12e767b105,https://se.linkedin.com/jobs/view/data-engineer-at-coop-sverige-4464194924,Data Engineer,,scraped,2026-09-14T09:15:33.001317,
a2ed533bd20ec985,https://se.linkedin.com/jobs/view/senior-product-manager-insights-analytics-at-voyado-4455636282,Senior Product Manager - Insights & Analytics,,scraped,2026-09-14T09:15:40.046357,
823979d5ce98ce11,https://se.linkedin.com/jobs/view/ai-capability-lead-at-aak-4464572625,AI CAPABILITY LEAD,,scraped,2026-09-14T09:15:47.622382,
4fef644f7bef872b,https://se.linkedin.com/jobs/view/optiker-at-specsavers-4457096217,Optiker,,scraped,2026-09-14T09:15:55.156345,
a2d94b963254d2ec,https://se.linkedin.com/jobs/view/senior-visual-designer-product-marketing-at-legora-4442862772,Senior Visual Designer - Product Marketing,,scraped,2026-09-14T09:16:01.692871,
020a360b1b5a9609,https://se.linkedin.com/jobs/view/ai-software-engineer-at-legora-4399759473,AI Software Engineer,,scraped,2026-09-14T09:16:07.842871,
d834012f1bb3301f,https://se.linkedin.com/jobs/view/pr-media-hacker-at-scandiweb-4465639694,PR & Media Hacker,,scraped,2026-09-14T09:16:14.364462,
259b30823e8be827,https://se.linkedin.com/jobs/view/director-business-development-dsp-adtech-at-pubmatic-4456744227,Director Business Development (DSP - AdTech),PubMatic,failed|wp_post_failed,2026-09-14T09:16:26.567034,
8167aa996b0f9ccc,https://se.linkedin.com/jobs/view/driftanalytiker-at-coor-4462280561,Driftanalytiker,,scraped,2026-09-14T09:16:29.182620,
fcf130da798c4a37,https://se.linkedin.com/jobs/view/site-manager-till-postnord-tpl-norrk%C3%B6ping-at-postnord-tpl-4464314321,"Site Manager till PostNord TPL, Norrköping",,scraped,2026-09-14T09:16:36.677974,
27e6690d9826685d,https://se.linkedin.com/jobs/view/splunk-architect-at-geeksoft-consulting-4463866866,Splunk Architect,,scraped,2026-09-14T09:16:44.164554,
40ae87025d4a485b,https://se.linkedin.com/jobs/view/community-manager-till-teknikf%C3%B6retagen-at-woow-executive-search-4464322428,Community Manager till Teknikföretagen,,scraped,2026-09-14T09:16:51.831247,
c32400c6ba9f162a,https://se.linkedin.com/jobs/view/privacy-compliance-consultant-p%C3%A5-det-medarbetar%C3%A4gda-konsultbolaget%21-at-techseed-4465129758,Privacy & Compliance Consultant på det medarbetarägda konsultbolaget!,,scraped,2026-09-14T09:16:59.751796,
26552dccb77768ef,https://se.linkedin.com/jobs/view/product-owner-%E2%80%93-talent-acquisition-at-electrolux-group-4455321425,Product Owner – Talent Acquisition,Electrolux Group,failed|wp_post_failed,2026-09-14T09:17:49.007544,
d9577e95160725f1,https://se.linkedin.com/jobs/view/account-manager-at-mild-4466061535,Account Manager,,scraped,2026-09-14T09:17:51.570937,
c356239231748c96,https://se.linkedin.com/jobs/view/sales-business-developer-sweden-at-mynt-4464308632,Sales & Business Developer - Sweden,,scraped,2026-09-14T09:17:58.203893,
9cdfc41a59347dfc,https://se.linkedin.com/jobs/view/engagerad-bostadsfotograf-at-se360-4464885093,Engagerad bostadsfotograf,,scraped,2026-09-14T09:18:04.651138,
9dc9c2aa645f29ae,https://se.linkedin.com/jobs/view/avarn-security-s%C3%B6ker-v%C3%A4ktare-till-g%C3%A4vle-at-avarn-security-sverige-4465873555,Avarn Security söker väktare till Gävle,,scraped,2026-09-14T09:18:13.581253,
1734f87671c2e9e7,https://se.linkedin.com/jobs/view/cyber-security-expert-senior-at-worldline-4465822478,Cyber Security Expert - Senior,,scraped,2026-09-14T09:18:21.699736,
afcfaa20eda05b00,https://se.linkedin.com/jobs/view/kalkylingenj%C3%B6r-at-peab-4462221758,Kalkylingenjör,,scraped,2026-09-14T09:18:28.230484,
dc0f7a4d2cf54206,https://se.linkedin.com/jobs/view/head-of-credit-underwriting-and-decision-analytics-nordax-at-noba-bank-group-4464891838,Head of Credit Underwriting and Decision Analytics Nordax,,scraped,2026-09-14T09:18:37.315757,
1f0c7eac6f7f0b2e,https://se.linkedin.com/jobs/view/functional-consultant-dynamics-365-ce-stockholm-at-sopra-steria-4466046623,Functional consultant Dynamics 365 CE Stockholm,,scraped,2026-09-14T09:18:43.784955,
76c394ede020cf1d,https://se.linkedin.com/jobs/view/product-development-specialist-at-nigel-wright-group-4466335036,Product Development Specialist,Nigel Wright Group,failed|wp_post_failed,2026-09-14T09:18:58.887492,
3bdd7bd5fe085c86,https://se.linkedin.com/jobs/view/amdocs-helix-administrator-p3-advanced-at-geeksoft-consulting-4463856917,Amdocs Helix Administrator - P3 Advanced,,scraped,2026-09-14T09:19:01.532308,
1a0ebe73b955bc3c,https://se.linkedin.com/jobs/view/investment-associate-at-acl-partners-4465044742,Investment Associate,,scraped,2026-09-14T09:19:09.016607,
9ad44b947af85787,https://se.linkedin.com/jobs/view/procurement-specialist-at-pxgeo-4466069999,Procurement Specialist,PxGeo,failed|wp_post_failed,2026-09-14T09:19:21.355919,
fc74bd94f21e03b3,https://se.linkedin.com/jobs/view/f%C3%B6rs%C3%A4ljningsdirekt%C3%B6r-4465320927,Försäljningsdirektör,phoenixmedicalsystems.com,failed|wp_post_failed,2026-09-14T09:19:27.844483,
c19d89c6cc61bc34,https://se.linkedin.com/jobs/view/management-consultant-at-influence-ab-4460010445,Management Consultant,,scraped,2026-09-14T09:19:30.517759,
19671c672c999b98,https://se.linkedin.com/jobs/view/anl%C3%A4ggare-till-gatu-och-trafikenheten-at-karlskoga-kommun-4463516451,Anläggare till Gatu- och trafikenheten,,scraped,2026-09-14T09:19:38.482209,
179b4330b19eae5b,https://se.linkedin.com/jobs/view/analyst-or-associate-leading-impact-vc-stockholm-sweden-at-per-4463500398,"Analyst or Associate, Leading Impact VC, Stockholm, Sweden",,scraped,2026-09-14T09:19:45.710148,
4341bda70677300c,https://se.linkedin.com/jobs/view/maintenance-planner-at-ecodatacenter-4464448624,Maintenance Planner,,scraped,2026-09-14T09:19:52.944056,
56d121a96308bf94,https://se.linkedin.com/jobs/view/senior-frontend-engineer-at-appgate-4438238628,Senior Frontend Engineer,AppGate,failed|wp_post_failed,2026-09-14T09:20:05.277651,
aa3566ca59f9d776,https://se.linkedin.com/jobs/view/s%C3%A4ljchef-till-v%C3%A5r-butik-i-link%C3%B6ping-c-at-ticket-privatresor-4465112900,Säljchef till vår butik i Linköping C,,scraped,2026-09-14T09:20:07.870654,
0665bd07007da523,https://se.linkedin.com/jobs/view/product-marketing-lifecycle-manager-at-polestar-4464566108,Product Marketing Lifecycle Manager,,scraped,2026-09-14T09:20:14.172828,
f39350ee6be55ff7,https://se.linkedin.com/jobs/view/head-of-b2b-sales-konfidentiell-rekrytering-stockholm-at-wise-sales-f-d-salesonly-4437284624,Head of B2B Sales / konfidentiell rekrytering / Stockholm,,scraped,2026-09-14T09:20:20.565108,
c137286be4acbf3e,https://se.linkedin.com/jobs/view/senior-program-manager-at-coolpeople-technology-4464460877,Senior Program Manager,,scraped,2026-09-14T09:20:27.259521,
d6fb9bde3bcade61,https://se.linkedin.com/jobs/view/servicenow-solutions-architects-stockholm-at-sofigate-4433893786,"ServiceNow Solutions Architects, Stockholm",Sofigate,failed|wp_post_failed,2026-09-14T09:21:06.630284,
bd490eed80aea0e1,https://se.linkedin.com/jobs/view/contract-manager-at-dise-4464772770,Contract Manager,,scraped,2026-09-14T09:21:09.250646,
80790f8f340362b6,https://se.linkedin.com/jobs/view/automationsingenj%C3%B6r-med-erfarenhet-av-schneider-at-academic-work-4465604999,Automationsingenjör med erfarenhet av Schneider,,scraped,2026-09-14T09:21:15.799963,
2c0f4cffa025d91f,https://se.linkedin.com/jobs/view/ai-engineer-till-v%C3%A5rt-data-team-ving-at-ving-sverige-4457370782,AI Engineer till vårt Data-team - Ving,,scraped,2026-09-14T09:21:22.863375,
9aeb3039de31c376,https://se.linkedin.com/jobs/view/solution-consultant-servicenow-in-stockholm-at-sofigate-4418105674,Solution Consultant - ServiceNow in Stockholm,Sofigate,failed|wp_post_failed,2026-09-14T09:22:02.505250,
4c1db85ebe2e3b4d,https://se.linkedin.com/jobs/view/observability-engineer-at-fdj-united-4466065759,Observability Engineer,FDJ UNITED,failed|wp_post_failed,2026-09-14T09:22:12.205073,
20b9893d0288789c,https://se.linkedin.com/jobs/view/regular-senior-android-applications-developer-at-luxoft-4464323521,Regular/Senior Android Applications Developer,,scraped,2026-09-14T09:22:14.813009,
a8d17d72d24df83f,https://se.linkedin.com/jobs/view/detaljberedare-at-saab-4465822963,Detaljberedare,,scraped,2026-09-14T09:22:22.300507,
f4dcf4c1a456035c,https://se.linkedin.com/jobs/view/account-manager-at-eunify-solutions-4462226534,Account Manager,,scraped,2026-09-14T09:22:29.478423,
338577cfba8b9df6,https://se.linkedin.com/jobs/view/operations-coordinator-dispatcher-at-bolt-4456283282,"Operations Coordinator, Dispatcher",,scraped,2026-09-14T09:22:36.269499,
03de4003a59f5c69,https://se.linkedin.com/jobs/view/hso-international-engagement-manager-business-applications-at-hso-4437521315,HSO International - Engagement Manager - Business Applications,HSO,failed|wp_post_failed,2026-09-14T09:22:49.756061,
5149c24c1fdb97d1,https://se.linkedin.com/jobs/view/junior-gtm-engineer-at-gainable-4466305109,Junior GTM Engineer,Gainable,failed|wp_post_failed,2026-09-14T09:22:58.004748,
a9a8b89e52dbccde,https://se.linkedin.com/jobs/view/specialistl%C3%A4kare-i-allm%C3%A4nmedicin-till-kry-vallentuna%21-at-kry-4440963801,Specialistläkare i allmänmedicin till Kry Vallentuna!,,scraped,2026-09-14T09:23:00.584680,
48717c207a52efd3,https://se.linkedin.com/jobs/view/station%C3%A4r-v%C3%A4ktare-till-h%C3%A4stg%C3%A5rd-securitas-stockholm-at-securitas-ab-4465175737,Stationär väktare till Hästgård - Securitas Stockholm,Securitas AB,failed|wp_post_failed,2026-09-14T09:23:13.830658,
ab2d56c7ce5c2a87,https://se.linkedin.com/jobs/view/pr-manager-sweden-remote-at-pet-media-group-pmg-4465186386,PR Manager (Sweden Remote),,scraped,2026-09-14T09:23:16.456667,
f3dfec9c2aec150f,https://se.linkedin.com/jobs/view/kundr%C3%A5dgivare-till-key-solutions-fast-l%C3%B6n-%2B-bonus-at-key-solutions-4462585097,Kundrådgivare till Key Solutions - fast lön + bonus,,scraped,2026-09-14T09:23:22.998132,
243d12c12b7f2027,https://se.linkedin.com/jobs/view/uppdragsansvarig-el-v%C3%A4ster%C3%A5s-at-wsp-i-sverige-4464181794,Uppdragsansvarig EL Västerås,WSP i Sverige,failed|wp_post_failed,2026-09-14T09:23:38.033475,
65a52da32c78e774,https://se.linkedin.com/jobs/view/liquidity-risk-analyst-at-blaq-group-ab-4440803054,Liquidity Risk Analyst,,scraped,2026-09-14T09:23:40.645438,
496e904d0617eae4,https://se.linkedin.com/jobs/view/hr-ansvarig-at-habit-factory-in-sweden-4464749362,HR Ansvarig,,scraped,2026-09-14T09:23:48.262518,
cba5d0b7d73fde2b,https://se.linkedin.com/jobs/view/channel-account-manager-swedish-speaking-at-connectwise-4463511405,Channel Account Manager (Swedish Speaking),ConnectWise,failed|wp_post_failed,2026-09-14T09:24:02.413898,
effe56e453a4508a,https://se.linkedin.com/jobs/view/backend-developer-at-expleo-group-4222359105,Backend Developer,,scraped,2026-09-14T09:24:05.018178,
499b622771aa4c77,https://se.linkedin.com/jobs/view/account-manager-at-foodora-4409352895,Account Manager,foodora,failed|wp_post_failed,2026-09-14T09:24:22.201377,
8eb6b7e7a4f39e5f,https://se.linkedin.com/jobs/view/senior-software-developer-with-strong-devsecops-at-jeppesen-foreflight-4438314439,Senior Software Developer with strong DevSecOps,Jeppesen ForeFlight,failed|wp_post_failed,2026-09-14T09:24:30.369298,
a6ccd33ec666664e,https://se.linkedin.com/jobs/view/junior-account-manager-at-cloudo-ab-4465132085,Junior Account Manager,,scraped,2026-09-14T09:24:32.936507,
202f91d8bfeb1773,https://se.linkedin.com/jobs/view/besiktningstekniker-till-besikta-bilprovning-i-svedala-at-besikta-bilprovning-4466069232,Besiktningstekniker till Besikta Bilprovning i Svedala,,scraped,2026-09-14T09:24:41.782176,
04c37610710152a4,https://se.linkedin.com/jobs/view/avarn-security-s%C3%B6ker-v%C3%A4ktare-till-bolln%C3%A4s%21-at-avarn-security-sverige-4465871614,Avarn Security söker väktare till Bollnäs!,,scraped,2026-09-14T09:24:48.812000,
e5cdddb713bb6c86,https://se.linkedin.com/jobs/view/software-engineer-box-team-at-instabee-4435452011,Software Engineer | Box Team,,scraped,2026-09-14T09:24:56.777982,
423d6a3cef454663,https://se.linkedin.com/jobs/view/radio-frequency-test-engineer-at-maven-wireless-4464502819,Radio Frequency Test Engineer,,scraped,2026-09-14T09:25:03.197949,
c5fcb5c6ed07735c,https://se.linkedin.com/jobs/view/apotekschef-till-kronans-apotek-i-j%C3%B6nk%C3%B6ping-at-kronans-apotek-4462161215,Apotekschef till Kronans Apotek i Jönköping,,scraped,2026-09-14T09:25:10.865751,
cc95587b8e10168a,https://se.linkedin.com/jobs/view/identity-security-developer-opentext-at-id-north-4362440083,Identity Security Developer OpenText,,scraped,2026-09-14T09:25:17.866772,
1709d7430ebb5902,https://se.linkedin.com/jobs/view/dotnet-developer-at-hcltech-4464616078,Dotnet Developer,,scraped,2026-09-14T09:25:29.174366,
8ea3dca40eacd8b0,https://se.linkedin.com/jobs/view/microsoft-copilot-studio-power-platform-developer-at-wequel-4462954255,Microsoft Copilot Studio & Power Platform Developer,,scraped,2026-09-14T09:25:36.043189,
9bd28f9f805e6f81,https://se.linkedin.com/jobs/view/senior-analytics-engineer-at-avalanche-studios-group-4371446236,Senior Analytics Engineer,,scraped,2026-09-14T09:25:44.858660,
a1772ec8c13a0fa7,https://se.linkedin.com/jobs/view/developer-advocate-at-jobgether-4464538095,Developer Advocate,,scraped,2026-09-14T09:25:52.389621,
d43a4c598dad46ec,https://se.linkedin.com/jobs/view/account-executive-at-detectify-4464349258,Account Executive,,scraped,2026-09-14T09:25:58.980126,
77ed1e8a347998bf,https://se.linkedin.com/jobs/view/game-product-owner-slot-producer-at-nolimit-city%C2%AE-3967131829,Game Product Owner (Slot Producer),,scraped,2026-09-14T09:26:05.972182,
a0026447e5cf2520,https://se.linkedin.com/jobs/view/security-engineer-solna-hybrid-at-postnord-4446051867,"Security Engineer, Solna/Hybrid",PostNord,failed|wp_post_failed,2026-09-14T09:26:21.524603,
5a41e6849eb20a41,https://se.linkedin.com/jobs/view/senior-usability-engineer-at-shl-medical-4417621127,Senior Usability Engineer,,scraped,2026-09-14T09:26:24.204362,
26c9f9298884f918,https://se.linkedin.com/jobs/view/account-manager-at-nordic-level-group-ab-publ-4464481851,Account Manager,,scraped,2026-09-14T09:26:31.501907,
83ccdcc965f8b2fa,https://se.linkedin.com/jobs/view/arbetsmarknadskonsulent-till-cfa-at-g%C3%B6teborgs-stad-4464491009,Arbetsmarknadskonsulent till CFA,,scraped,2026-09-14T09:26:38.854057,
90f09404982761ef,https://se.linkedin.com/jobs/view/production-finance-executive-nordics-and-netherlands-prime-video-eu-production-finance-at-amazon-4455797153,"Production Finance Executive - Nordics and Netherlands, Prime Video EU Production Finance",Amazon,failed|wp_post_failed,2026-09-14T09:26:51.358512,
17ffedd31b938f95,https://se.linkedin.com/jobs/view/handl%C3%A4ggande-byggnadskonstrukt%C3%B6r-stockholm-at-wsp-i-sverige-4419066542,Handläggande byggnadskonstruktör - Stockholm,WSP i Sverige,failed|wp_post_failed,2026-09-14T09:27:02.013728,
9449acadf2212672,https://se.linkedin.com/jobs/view/software-engineer-connectors-at-neo4j-4464373598,Software Engineer - Connectors,Neo4j,failed|wp_post_failed,2026-09-14T09:27:10.117522,
e5757a5d5a6e61e0,https://se.linkedin.com/jobs/view/data-engineer-at-ubique-systems-4463481832,Data Engineer,,scraped,2026-09-14T09:27:12.766839,
68ae92585f1825cd,https://se.linkedin.com/jobs/view/senior-kotlin-androidutvecklare-at-castra-4461144971,Senior Kotlin/Androidutvecklare,,scraped,2026-09-14T09:27:19.235152,
c620603202321ae8,https://se.linkedin.com/jobs/view/erfaren-redovisningskonsult-med-kontorsansvar-till-validi-i-v%C3%A4xj%C3%B6-at-sbl-data-ab-4463080689,Erfaren redovisningskonsult med kontorsansvar till VALIDI i Växjö,,scraped,2026-09-14T09:27:27.154373,
ca4a0fce7122c1ec,https://se.linkedin.com/jobs/view/senior-platform-engineer-at-legora-4399745528,Senior Platform Engineer,,scraped,2026-09-14T09:27:34.871314,
c8ddb99733b2542a,https://se.linkedin.com/jobs/view/software-engineer-at-legora-4414304712,Software Engineer,,scraped,2026-09-14T09:27:41.492260,
0c3b2ad32833ca84,https://se.linkedin.com/jobs/view/technical-legal-engineer-evals-at-legora-4453481326,Technical Legal Engineer - Evals,,scraped,2026-09-14T09:27:47.781932,
24da254c8edbf1a6,https://se.linkedin.com/jobs/view/account-manager-at-proxify-4464476949,Account Manager,,scraped,2026-09-14T09:27:54.181183,
8e57479afd81cb66,https://se.linkedin.com/jobs/view/account-manager-at-proxify-4464492008,Account Manager,,scraped,2026-09-14T09:28:01.160576,
9540dfe03e5f5d45,https://se.linkedin.com/jobs/view/account-manager-at-proxify-4464475868,Account Manager,,scraped,2026-09-14T09:28:08.049679,
be2254c1a3e1c251,https://se.linkedin.com/jobs/view/security-engineer-at-legora-4454638101,Security Engineer,,scraped,2026-09-14T09:28:14.803824,
36698baa20b1c29f,https://se.linkedin.com/jobs/view/personbilss%C3%A4ljare-begagnat-at-hedin-automotive-sverige-4463873530,Personbilssäljare Begagnat,,scraped,2026-09-14T09:28:21.126372,
38dd11aaaad51bb2,https://se.linkedin.com/jobs/view/chief-marketing-officer-at-planacy-4466098755,Chief Marketing Officer,,scraped,2026-09-14T09:28:28.270257,
ed9b941c91c691c7,https://se.linkedin.com/jobs/view/unreal-gameplay-programmer-at-metrea-4446582169,Unreal Gameplay Programmer,Metrea,failed|wp_post_failed,2026-09-14T09:28:40.965160,
602957bb0b723efb,https://se.linkedin.com/jobs/view/functional-safety-engineer-at-luxoft-4463013785,Functional Safety Engineer,,scraped,2026-09-14T09:28:43.611775,
b647a0004671175d,https://se.linkedin.com/jobs/view/android-developer-%E2%80%93-ads-platform-at-viaplay-group-4463572359,Android Developer – Ads Platform,,scraped,2026-09-14T09:28:50.839642,
cfdceaf9c760177b,https://se.linkedin.com/jobs/view/senior-backend-engineer-at-legora-4337722645,Senior Backend Engineer,,scraped,2026-09-14T09:28:57.771398,
a824fc7cdab9fba8,https://se.linkedin.com/jobs/view/demonteringstekniker-torsh%C3%A4lla-at-swecon-anl%C3%A4ggningsmaskiner-ab-4463976327,"Demonteringstekniker, Torshälla",,scraped,2026-09-14T09:29:04.102132,
e509f2fa5cff2339,https://se.linkedin.com/jobs/view/specialistl%C3%A4kare-i-allm%C3%A4nmedicin-mla-uppdrag-sexologimottagning-i-malm%C3%B6-at-region-sk%C3%A5ne-4465037216,"Specialistläkare i allmänmedicin, MLA-uppdrag, Sexologimottagning i Malmö",Region Skåne,failed|wp_post_failed,2026-09-14T09:29:19.068416,
ac93c15b8975f6a4,https://se.linkedin.com/jobs/view/gis-ingenj%C3%B6r-at-karlskrona-se-4462964613,GIS-ingenjör,karlskrona.se,failed|wp_post_failed,2026-09-14T09:29:27.491226,
388f9a0d44e28ada,https://se.linkedin.com/jobs/view/scada-integrat%C3%B6r-%E2%80%93-visby-at-sg-application-management-ab-4462282042,SCADA-integratör  – Visby,,scraped,2026-09-14T09:29:30.078198,
9216a3f0b9310b4b,https://se.linkedin.com/jobs/view/commercial-leader-energy-at-flower-4430705078,Commercial Leader - Energy,,scraped,2026-09-14T09:29:39.181596,
8bafb2ac3ac83d39,https://se.linkedin.com/jobs/view/revenue-distribution-specialist-at-svenska-m%C3%A4ssan-4462952118,Revenue & Distribution Specialist,,scraped,2026-09-14T09:29:46.156927,
b3962048fda6721b,https://se.linkedin.com/jobs/view/business-controller-at-gant-4465628044,Business Controller,,scraped,2026-09-14T09:29:52.798186,
bf7592cbcd46df85,https://se.linkedin.com/jobs/view/product-engineer-full-stack-at-proposales-4466043709,Product Engineer (Full-Stack),,scraped,2026-09-14T09:29:59.362621,
63cfdda04f087fa7,https://se.linkedin.com/jobs/view/synthesis-engineer-at-ericsson-4465100691,Synthesis Engineer,,scraped,2026-09-14T09:30:06.099939,
25130b7ac56e1c18,https://se.linkedin.com/jobs/view/atlassian-solution-architect-at-pacera-4464122385,Atlassian Solution Architect,,scraped,2026-09-14T09:30:12.529841,
c1a8a06d4227aabe,https://se.linkedin.com/jobs/view/data-analyst-analytics-engineer-%E2%80%93-swedish-svenska-at-us3-consulting-4465010128,Data Analyst / Analytics Engineer – Swedish / Svenska,,scraped,2026-09-14T09:30:20.024288,
9782d00ec6e6bd08,https://se.linkedin.com/jobs/view/enterprise-account-executive-at-wiz-4407731844,Enterprise Account Executive,Wiz,failed|wp_post_failed,2026-09-14T09:30:30.841907,
fd8cfcb392b1a6ec,https://se.linkedin.com/jobs/view/payroll-partner-at-normal-a-s-4465800772,Payroll partner,,scraped,2026-09-14T09:30:33.452245,
5de4c3b3f53df0de,https://se.linkedin.com/jobs/view/intresseanm%C3%A4lan-controller-at-poolia-sverige-4454129117,Intresseanmälan - Controller,,scraped,2026-09-14T09:30:40.787813,
1d04526167438c3e,https://se.linkedin.com/jobs/view/client-executive-at-pegasystems-4420448093,Client Executive,Pegasystems,failed|wp_post_failed,2026-09-14T09:30:54.572660,
4f24bcf4efbc000d,https://se.linkedin.com/jobs/view/byggkonstrukt%C3%B6r-till-kadesj%C3%B6s-i-v%C3%A4ster%C3%A5s-at-framtiden-ab-4465622435,Byggkonstruktör till Kadesjös i Västerås,,scraped,2026-09-14T09:30:57.133717,
a200e0c2b8735955,https://se.linkedin.com/jobs/view/business-analyst-at-infinity-quest-4465630130,Business Analyst,Infinity Quest,failed|wp_post_failed,2026-09-14T09:31:14.140076,
f3d7a9bd31f544d5,https://se.linkedin.com/jobs/view/facility-manager-at-malm%C3%B6-designer-village-4464322130,Facility Manager,Malmö Designer Village,failed|wp_post_failed,2026-09-14T09:31:22.245823,
a4349796b7ce7516,https://se.linkedin.com/jobs/view/sales-executive-public-at-globalconnect-4343264613,Sales Executive - Public,,scraped,2026-09-14T09:31:24.882700,
c3290f3f30833abd,https://se.linkedin.com/jobs/view/project-planner-gavle-at-kirby-group-engineering-4456487481,Project Planner | Gavle,,scraped,2026-09-14T09:31:33.155745,
a689a46eb9472c26,https://se.linkedin.com/jobs/view/sales-engineer-nordics-at-sophos-4456776737,Sales Engineer (Nordics),Sophos,failed|wp_post_failed,2026-09-14T09:32:24.650002,
205c46c71a6b7a58,https://se.linkedin.com/jobs/view/aff%C3%A4rschef-till-nordbo-projektpartner-v%C3%A4st-at-jefferson-wells-sverige-4463001555,Affärschef till Nordbo Projektpartner Väst,,scraped,2026-09-14T09:32:27.202793,
dff972ce9af8d874,https://se.linkedin.com/jobs/view/sales-director-scandinavia-robust-ab-at-wise-sales-f-d-salesonly-4432343909,Sales Director Scandinavia / Robust AB,,scraped,2026-09-14T09:32:34.408537,
a93bb0b93f151988,https://se.linkedin.com/jobs/view/f%C3%B6retagsr%C3%A5dgivare-at-advisera-4464105543,Företagsrådgivare,,scraped,2026-09-14T09:32:41.219645,
537862a7a9e16368,https://se.linkedin.com/jobs/view/station%C3%A4r-v%C3%A4ktare-till-h%C3%A4stg%C3%A5rd-securitas-stockholm-at-securitas-sverige-ab-4464204203,Stationär väktare till Hästgård - Securitas Stockholm,,scraped,2026-09-14T09:32:50.638309,
eb650ff37e3d50d2,https://se.linkedin.com/jobs/view/junior-ink%C3%B6pare-biltestare-at-auto1-group-4456220569,Junior Inköpare & Biltestare,,scraped,2026-09-14T09:32:57.435114,
5a5e2b60f14c6eb0,https://se.linkedin.com/jobs/view/ai-utvecklare-till-knowit-i-g%C3%B6teborg-at-knowit-4378613983,AI utvecklare till Knowit i Göteborg,,scraped,2026-09-14T09:33:04.820561,
cda5538f03d98952,https://se.linkedin.com/jobs/view/expert-gameplay-animator-at-elsewhere-entertainment-4461897686,Expert Gameplay Animator,,scraped,2026-09-14T09:33:12.337788,
ca3c4048a69eb5ef,https://se.linkedin.com/jobs/view/regionchef-f%C3%B6r-swecos-installationsverksamhet-i-region-mitt-at-sweco-4463067282,Regionchef för Swecos installationsverksamhet i Region Mitt,,scraped,2026-09-14T09:33:18.811239,
582772feee9a07ec,https://se.linkedin.com/jobs/view/senior-ios-developer-at-xebia-4465024134,Senior iOS Developer,Xebia,failed|wp_post_failed,2026-09-14T09:33:30.971693,
a8ecf1b05cdd420c,https://se.linkedin.com/jobs/view/senior-principal-ai-ml-engineer-at-king-4408032508,Senior Principal AI/ML Engineer,,scraped,2026-09-14T09:33:33.615493,
d1e1ccdec27efdac,https://se.linkedin.com/jobs/view/licensed-veterinarian-to-anicura-kumla-animal-hospital-at-anicura-sverige-4456348364,Licensed Veterinarian to AniCura Kumla Animal Hospital,AniCura Sverige,failed|wp_post_failed,2026-09-14T09:33:48.014710,
a850e95ce60802a0,https://se.linkedin.com/jobs/view/senior-security-engineer-at-epidemic-sound-4418939594,Senior Security Engineer,,scraped,2026-09-14T09:33:50.655187,
f749b577a1d62c6a,https://se.linkedin.com/jobs/view/applikationskonsult-e-handel-at-cgi-4457505208,Applikationskonsult E-handel,,scraped,2026-09-14T09:33:57.159238,
9f430f5d7fc682a1,https://se.linkedin.com/jobs/view/tsp-security-officer-at-scrive-4457338997,TSP Security Officer,,scraped,2026-09-14T09:34:03.553243,
213a6795e499d960,https://se.linkedin.com/jobs/view/workforce-planning-specialist-till-postnord-tpl-at-postnord-tpl-4465812607,Workforce Planning Specialist till PostNord TPL,,scraped,2026-09-14T09:34:10.233742,
fae332ed28f3734e,https://se.linkedin.com/jobs/view/security-engineer-solna-hybrid-at-postnord-sverige-4444106614,"Security Engineer, Solna/Hybrid",PostNord Sverige,failed|wp_post_failed,2026-09-14T09:34:26.439590,
58d82ccd0ac38db8,https://se.linkedin.com/jobs/view/cloud-engineer-at-noba-bank-group-4376758795,Cloud Engineer,,scraped,2026-09-14T09:34:29.045391,
c92c865ed2c0368b,https://se.linkedin.com/jobs/view/forward-deployed-ai-scientist-sweden-bcg-x-at-bcg-x-4387784724,"Forward Deployed AI Scientist, Sweden - BCG X",BCG X,failed|wp_post_failed,2026-09-14T09:34:41.046927,
dc6d18c4d51f8466,https://se.linkedin.com/jobs/view/gatuingenj%C3%B6r-at-skellefte%C3%A5-kommun-4462970469,Gatuingenjör,,scraped,2026-09-14T09:34:43.554566,
9ac58314b1ecfce7,https://se.linkedin.com/jobs/view/koncernredovisningsekonom-at-sagax-4465683039,Koncernredovisningsekonom,Sagax,failed|wp_post_failed,2026-09-14T09:34:57.752848,
036e9f99e0db3b13,https://se.linkedin.com/jobs/view/accountant-at-juni-4464345785,Accountant,,scraped,2026-09-14T09:35:00.349595,
1d6371b9a14116c9,https://se.linkedin.com/jobs/view/personal-inom-entreprenad-s%C3%B6kes-%E2%80%93-g%C3%B6teborg-med-omnejd-at-markochanl%C3%A4ggning-se-4465470281,Personal inom entreprenad sökes – Göteborg med omnejd,Markochanläggning.se,failed|wp_post_failed,2026-09-14T09:35:12.449765,
8ece1e66bf52296b,https://se.linkedin.com/jobs/view/underh%C3%A5llsplanerare-at-ecodatacenter-4461893576,Underhållsplanerare,,scraped,2026-09-14T09:35:15.067126,
a3542e09092d19d4,https://se.linkedin.com/jobs/view/uppdragsansvarig-el-v%C3%A4ster%C3%A5s-at-wsp-4463438733,Uppdragsansvarig EL Västerås,WSP,failed|wp_post_failed,2026-09-14T09:35:29.705501,
d7a601e28efbe4b8,https://se.linkedin.com/jobs/view/resilience-officer-at-worldline-4438635060,Resilience Officer,,scraped,2026-09-14T09:35:32.361014,
65748480050a8a20,https://se.linkedin.com/jobs/view/solutions-engineer-at-legora-4416847242,Solutions Engineer,,scraped,2026-09-14T09:35:38.749437,
0732d1bbb1e05dd8,https://se.linkedin.com/jobs/view/boendest%C3%B6djare-till-st%C3%B6denhet-8-at-v%C3%A4xj%C3%B6-kommun-4464155677,Boendestödjare till Stödenhet 8,,scraped,2026-09-14T09:35:44.878105,
4ec492529ae72d3a,https://se.linkedin.com/jobs/view/senior-professional-electrical-engineering-at-wsp-i-sverige-4455676956,"Senior Professional, Electrical Engineering",WSP i Sverige,failed|wp_post_failed,2026-09-14T09:36:00.194840,
abf45ede517c27ef,https://se.linkedin.com/jobs/view/m%C3%A4ttekniker-till-holst-entreprenad-at-holstgruppen-ab-4463039400,Mättekniker till Holst Entreprenad,,scraped,2026-09-14T09:36:02.791735,
6643120989bedda9,https://se.linkedin.com/jobs/view/product-manager-data-insights-at-nshift-4430474311,"Product Manager, Data Insights",,scraped,2026-09-14T09:36:09.724180,
40e38604588a7228,https://se.linkedin.com/jobs/view/assembly-technician-at-lumenradio-4456171412,Assembly Technician,,scraped,2026-09-14T09:36:18.346594,
94aee6141c97c568,https://se.linkedin.com/jobs/view/architect-at-byredo-4462512692,Architect,BYREDO,failed|wp_post_failed,2026-09-14T09:36:31.847436,
87bf8882a4e5ec0c,https://se.linkedin.com/jobs/view/kablagekonstrukt%C3%B6r-at-afry-4426486629,Kablagekonstruktör,,scraped,2026-09-14T09:36:34.417903,
4a057ed57c934e54,https://se.linkedin.com/jobs/view/product-owner-crew-tracking-at-jeppesen-foreflight-4408330891,Product Owner - Crew Tracking,Jeppesen ForeFlight,failed|wp_post_failed,2026-09-14T09:36:46.342529,
f638bf5ec1d78515,https://se.linkedin.com/jobs/view/junior-business-development-manager-at-yougov-4437754696,Junior Business Development Manager,,scraped,2026-09-14T09:36:48.999292,
73504904cbbde7df,https://se.linkedin.com/jobs/view/lokalsamordnare-till-sollentuna-kommun-at-sollentuna-kommun-4464449923,Lokalsamordnare till Sollentuna kommun,,scraped,2026-09-14T09:36:55.818018,
89906bf1d4e176f5,https://se.linkedin.com/jobs/view/senior-people-tech-specialist-workday-at-relex-solutions-4466063578,Senior People Tech Specialist (Workday),,scraped,2026-09-14T09:37:03.191872,
9e942e5cfd3557f4,https://se.linkedin.com/jobs/view/drifttekniker-centrala-stockholm-at-fortifikationsverket-4464510318,Drifttekniker - Centrala Stockholm,,scraped,2026-09-14T09:37:09.470955,
5cd48c4b917aad37,https://se.linkedin.com/jobs/view/influence-people-bloom-27-at-influence-people-ab-4467045945,Influence People Bloom 27,,scraped,2026-09-14T09:37:16.778322,
43e805188e2b752c,https://se.linkedin.com/jobs/view/f%C3%B6rs%C3%A4ljningsanalytiker-at-coop-sverige-4465099078,Försäljningsanalytiker,,scraped,2026-09-14T09:37:23.915233,
8341a510cd10515f,https://se.linkedin.com/jobs/view/signal-processing-engineer-at-timezyx-4464666769,Signal Processing Engineer,,scraped,2026-09-14T09:37:30.831589,
14df6eed15a57ab9,https://se.linkedin.com/jobs/view/s%C3%A4ljare-at-live-expo-4463990131,Säljare,,scraped,2026-09-14T09:37:37.950892,
94a7f8d7a1640ba3,https://se.linkedin.com/jobs/view/d%C3%A4ckmont%C3%B6rer-s%C3%B6kes-till-svenska-d%C3%A4ckgruppen-t%C3%A4by-at-svenska-d%C3%A4ckgruppen-i-stockholm-ab-4465191628,Däckmontörer sökes till Svenska Däckgruppen Täby,SVENSKA DÄCKGRUPPEN I STOCKHOLM AB,failed|wp_post_failed,2026-09-14T09:37:51.240950,
38e910a8b820fb9a,https://se.linkedin.com/jobs/view/product-manager-crm-at-odevo-4437543440,Product Manager - CRM,Odevo,failed|wp_post_failed,2026-09-14T09:37:59.443940,
abe66ed314b808cd,https://se.linkedin.com/jobs/view/c-c%2B%2B-utvecklare-till-b3-next-at-b3-consulting-group-4186501670,C/C++-utvecklare till B3 Next,,scraped,2026-09-14T09:38:02.012928,
a8a90954319a65f1,https://se.linkedin.com/jobs/view/account-manager-till-picler-at-hired-4456767869,Account Manager till Picler,,scraped,2026-09-14T09:38:09.250505,
8a3750f58a5825c5,https://se.linkedin.com/jobs/view/senior-design-engineer-technical-lead-at-shl-medical-4454112843,Senior Design Engineer - Technical Lead,,scraped,2026-09-14T09:38:15.822466,
4f2bfe991c6e4331,https://se.linkedin.com/jobs/view/director-of-engineering-content-platform-catalog-at-spotify-4465088017,Director of Engineering - Content Platform (Catalog),,scraped,2026-09-14T09:38:23.268958,
9040e7f765839779,https://se.linkedin.com/jobs/view/workforce-planner-sweden-at-neko-health-4437787990,"Workforce Planner, Sweden",Neko Health,failed|wp_post_failed,2026-09-14T09:38:38.683674,
5169867436feb538,https://se.linkedin.com/jobs/view/delivery-lead-%E2%80%93-genai-business-solutions-at-husqvarna-group-4463487915,Delivery Lead – GenAI Business Solutions,,scraped,2026-09-14T09:38:41.434471,
4e37d7d9b1055e71,https://se.linkedin.com/jobs/view/analytics-engineer-till-borgo-at-amendo-4428907918,Analytics Engineer till Borgo,,scraped,2026-09-14T09:38:48.120004,
cdb63dba55d86a6e,https://se.linkedin.com/jobs/view/butikschef-till-jysk-nyk%C3%B6ping-at-jysk-4463959997,BUTIKSCHEF TILL JYSK NYKÖPING,,scraped,2026-09-14T09:38:55.420018,
7a504733cac6a7e5,https://se.linkedin.com/jobs/view/sales-executive-%E2%80%93-var-med-och-utveckla-framtidens-fastighetsbransch-at-hogia-group-4463996124,Sales Executive – var med och utveckla framtidens fastighetsbransch,,scraped,2026-09-14T09:39:01.967565,
2eb72ac8e9c5c2b2,https://se.linkedin.com/jobs/view/lead-service-designer-at-volumental-4464115474,Lead Service Designer,,scraped,2026-09-14T09:39:08.970766,
6d8b337c556dd424,https://se.linkedin.com/jobs/view/employer-branding-advisor-at-talentech-sweden-4463994274,Employer Branding Advisor,,scraped,2026-09-14T09:39:15.699146,
f8d0a4104d5fecf9,https://se.linkedin.com/jobs/view/depot-director-at-gsm-green-sm-4463987184,Depot Director,,scraped,2026-09-14T09:39:22.410497,
a9488c16d2c79877,https://se.linkedin.com/jobs/view/software-engineer-automation-and-tooling-at-iar-by-qt-group-4466091602,"Software Engineer, Automation and Tooling",,scraped,2026-09-14T09:39:28.953156,
f0baa8846e56a028,https://se.linkedin.com/jobs/view/d365fo-solution-architect-at-wipro-4461881658,D365FO Solution Architect,,scraped,2026-09-14T09:39:35.737805,
98235a6a8039b3ab,https://se.linkedin.com/jobs/view/senior-frontend-engineer-at-definitive-healthcare-4419060773,Senior Frontend Engineer,Definitive Healthcare,failed|wp_post_failed,2026-09-14T09:39:48.400456,
47ddec1087e5b567,https://se.linkedin.com/jobs/view/senior-data-engineer-at-avalanche-studios-group-4372905067,Senior Data Engineer,,scraped,2026-09-14T09:39:51.075688,
db9b54d43fe294d3,https://se.linkedin.com/jobs/view/business-controller-sales-marketing-at-o-kavli-ab-4462983204,Business Controller Sales & Marketing,,scraped,2026-09-14T09:39:58.550727,
c29715809dd9e9f9,https://se.linkedin.com/jobs/view/backend-software-engineer-go-unifi-connect-at-ubiquiti-inc-4447061250,Backend Software Engineer (Go) - UniFi Connect,Ubiquiti Inc.,failed|wp_post_failed,2026-09-14T09:40:12.389019,
44a9b439ac03e528,https://se.linkedin.com/jobs/view/android-developer-ica-appen-at-ica-gruppen-4465680042,Android developer - ICA Appen,,scraped,2026-09-14T09:40:14.966796,
d548bc0311493120,https://se.linkedin.com/jobs/view/redovisningskonsult-at-intellicount-ab-4464493731,Redovisningskonsult,Intellicount AB,failed|wp_post_failed,2026-09-14T09:40:27.644843,
570e0998d11b3923,https://se.linkedin.com/jobs/view/anestesisjuksk%C3%B6terska-till-operation-kirurgi-i-malm%C3%B6-at-region-sk%C3%A5ne-4464660159,Anestesisjuksköterska till Operation kirurgi i Malmö,Region Skåne,failed|wp_post_failed,2026-09-14T09:40:38.562483,
ae4064b01f97523f,https://se.linkedin.com/jobs/view/category-buyer-interior-for-a-leading-automotive-company%21-at-jefferson-wells-sverige-4462280500,Category Buyer Interior for a leading automotive company!,,scraped,2026-09-14T09:40:41.109057,
67d43d7c2f4630ef,https://se.linkedin.com/jobs/view/cloud-compliance-engineer-at-saab-4465094968,Cloud Compliance Engineer,,scraped,2026-09-14T09:40:49.901199,
8ddf7af1382983b9,https://se.linkedin.com/jobs/view/devops-engineer-automotive-cloud-at-cgi-4465854753,DevOps Engineer - Automotive & Cloud,,scraped,2026-09-14T09:40:56.826574,
30e305ff10e8ddc3,https://se.linkedin.com/jobs/view/psykologer-till-vuxenpsykiatrimottagning-i-%C3%A4ngelholm-at-region-sk%C3%A5ne-4466427104,Psykologer till Vuxenpsykiatrimottagning i Ängelholm,Region Skåne,failed|wp_post_failed,2026-09-14T09:41:11.465083,
b615d1626f1e63c6,https://se.linkedin.com/jobs/view/senior-systemutvecklare-cgi-borl%C3%A4nge-at-cgi-4464680689,Senior systemutvecklare -  CGI Borlänge,,scraped,2026-09-14T09:41:14.105939,
7754d7ced9ba6032,https://se.linkedin.com/jobs/view/projektledare-raindance-at-cgi-4439348567,Projektledare - Raindance,,scraped,2026-09-14T09:41:20.567642,
bebb63ece5c0fccd,https://se.linkedin.com/jobs/view/sap-project-manager-at-cgi-4416964220,SAP Project Manager,,scraped,2026-09-14T09:41:26.919765,
1bbc0f673577ebce,https://se.linkedin.com/jobs/view/windows-tekniker-at-cgi-4465861703,Windows tekniker,,scraped,2026-09-14T09:41:33.239234,
594481247c77d475,https://se.linkedin.com/jobs/view/tiktok-content-creator-at-repeats-4463439584,TikTok Content Creator,,scraped,2026-09-14T09:41:39.576445,
5205280095a7b553,https://se.linkedin.com/jobs/view/cyber-security-architect-telecom-4g-5g-ntn-at-capgemini-engineering-4464367056,"Cyber Security Architect - Telecom (4G, 5G, NTN)",,scraped,2026-09-14T09:41:46.981180,
67c9e82d113a8188,https://se.linkedin.com/jobs/view/graduate-product-solutions-sales-sweden-at-huawei-sweden-4464106542,Graduate Product Solutions Sales- Sweden,,scraped,2026-09-14T09:41:53.774888,
c04af73b84a870ac,https://se.linkedin.com/jobs/view/manufacturing-engineer-%E2%80%93-die-casting-machining-d-m-to-husqvarna-group-at-husqvarna-group-4461883697,Manufacturing Engineer – Die Casting & Machining (D&M) to Husqvarna Group,,scraped,2026-09-14T09:42:00.147164,
89be77f64e76378c,https://se.linkedin.com/jobs/view/avarn-security-s%C3%B6ker-v%C3%A4ktare-till-hudiksvall-at-avarn-security-sverige-4465879488,Avarn Security söker väktare till Hudiksvall,,scraped,2026-09-14T09:42:07.031645,
c78406d885be518d,https://se.linkedin.com/jobs/view/industrielektriker-at-xylem-4463224602,Industrielektriker,Xylem,failed|wp_post_failed,2026-09-14T09:42:21.410287,
2652e092f4ba99d4,https://se.linkedin.com/jobs/view/partner-sales-manager-at-scrive-4454051284,Partner Sales Manager,,scraped,2026-09-14T09:42:24.181849,
00d1d4ead1e05c39,https://se.linkedin.com/jobs/view/patent-attorney-at-ericsson-4462986473,Patent Attorney,,scraped,2026-09-14T09:42:30.935734,
fc7a3babfdf8a84b,https://se.linkedin.com/jobs/view/konstrukt%C3%B6r-inriktning-bygg-at-peri-sweden-4465029307,Konstruktör - inriktning bygg,,scraped,2026-09-14T09:42:37.129326,
098e731516a5513f,https://se.linkedin.com/jobs/view/auditor-with-experience-at-pwc-sweden-4466073850,Auditor with experience,,scraped,2026-09-14T09:42:43.706035,
679f9ef32dae9ab4,https://se.linkedin.com/jobs/view/territory-systems-engineer-commercial-nordics-at-everpure-4325836676,"Territory Systems Engineer, Commercial, (Nordics)",Everpure,failed|wp_post_failed,2026-09-14T09:42:56.057926,
fa959be0f817d77b,https://se.linkedin.com/jobs/view/pr%C3%A4st-till-sofiakyrkan-i-j%C3%B6nk%C3%B6ping-at-svenska-kyrkan-4464466413,Präst till Sofiakyrkan i Jönköping,,scraped,2026-09-14T09:42:58.591669,
224c63cd3f077479,https://se.linkedin.com/jobs/view/sharepoint-specialist-at-b3-cloud-4361460677,SharePoint-specialist,B3 Cloud,failed|wp_post_failed,2026-09-14T09:43:48.233080,
dbd0388413bae330,https://se.linkedin.com/jobs/view/head-of-global-real-estate-at-ericsson-4463253293,Head of Global Real Estate,,scraped,2026-09-14T09:43:50.807705,
7a6ced7120ff9edc,https://se.linkedin.com/jobs/view/skyfalls-eller-%C3%B6versv%C3%A4mningsutredare-at-sweco-4463461164,Skyfalls - eller översvämningsutredare,,scraped,2026-09-14T09:43:57.168368,
cf9f04308fab5ab9,https://se.linkedin.com/jobs/view/process-engineer-at-jefferson-wells-sverige-4462298085,Process Engineer,,scraped,2026-09-14T09:44:03.907627,
c8c394c30bf9be8f,https://se.linkedin.com/jobs/view/konsulter-till-cfo-services-i-malm%C3%B6-at-deloitte-4453688104,Konsulter till CFO Services i Malmö,Deloitte,failed|wp_post_failed,2026-09-14T09:44:16.826255,
73ad2597ceaef839,https://se.linkedin.com/jobs/view/sales-director-nordics-at-celonis-4463054340,Sales Director Nordics,Celonis,failed|wp_post_failed,2026-09-14T09:44:24.950974,
60796e5bc38ca121,https://se.linkedin.com/jobs/view/senior-android-engineer-at-arrive-4455236935,Senior Android Engineer,,scraped,2026-09-14T09:44:27.617221,
89be3a5d5d36a8c9,https://se.linkedin.com/jobs/view/learning-development-specialist-at-postnord-sverige-4465848874,Learning & Development Specialist,PostNord Sverige,failed|wp_post_failed,2026-09-14T09:44:42.717341,
ba6642d43b606fb2,https://se.linkedin.com/jobs/view/sales-manager-at-zkong-4464490039,Sales Manager,,scraped,2026-09-14T09:44:45.511514,
b0f41f0f3e8a7f0b,https://se.linkedin.com/jobs/view/senior-net-backend-engineer-payments-reporting-seb-solna-at-seb-4464463441,"Senior .NET Backend Engineer (Payments & Reporting) | SEB, Solna",SEB,failed|wp_post_failed,2026-09-14T09:45:00.486774,
570a8c501fb23ec0,https://se.linkedin.com/jobs/view/technical-content-researcher-at-msx-international-4420285537,Technical Content Researcher,MSX International,failed|wp_post_failed,2026-09-14T09:45:08.728247,
aafde65ea9fc3916,https://se.linkedin.com/jobs/view/manufacturing-engineering-manager-at-gkn-aerospace-sweden-4463880714,Manufacturing Engineering Manager,GKN Aerospace Sweden,failed|wp_post_failed,2026-09-14T09:45:22.165708,
84992b5c9c0bcca5,https://se.linkedin.com/jobs/view/rekryteringskonsult-inom-it-tech-at-computer-sweden-recruitment-4464857898,Rekryteringskonsult inom IT/tech,,scraped,2026-09-14T09:45:24.768031,
6965a98752ca95e6,https://se.linkedin.com/jobs/view/aff%C3%A4rschef-helsingborg-at-nobina-sverige-ab-4464506557,Affärschef Helsingborg,,scraped,2026-09-14T09:45:32.250078,
f17c0c0ad158d4de,https://se.linkedin.com/jobs/view/business-affairs-executive-nordics-eux-business-affairs-eux-at-amazon-4455909256,"Business Affairs Executive Nordics - EUX, Business Affairs EUX",Amazon,failed|wp_post_failed,2026-09-14T09:45:45.568259,
bdb11e526e826d16,https://se.linkedin.com/jobs/view/experienced-software-developer-backend-sectra-medical-at-sectra-4455336923,"Experienced Software Developer, Backend - Sectra Medical",,scraped,2026-09-14T09:45:48.131027,
9d2e6a9c97c01bdc,https://se.linkedin.com/jobs/view/aff%C3%A4rschef-till-nordbo-projektpartner-v%C3%A4st-at-jefferson-wells-sverige-4463837227,Affärschef till Nordbo Projektpartner Väst,,scraped,2026-09-14T09:45:54.751382,
3e2b6f228162cfc4,https://se.linkedin.com/jobs/view/electronics-design-engineer-%E2%80%93-medtech-f-m-x-at-sii-poland-4452256594,Electronics Design Engineer – MedTech (f/m/x),,scraped,2026-09-14T09:46:01.867136,
dde03ad89e91a504,https://se.linkedin.com/jobs/view/cnc-operat%C3%B6r-at-saab-4436374989,CNC-operatör,,scraped,2026-09-14T09:46:09.025657,
3da3d737faa649cd,https://se.linkedin.com/jobs/view/senior-vfx-artist-tom-clancy-s-the-division-2-survivors-at-massive-entertainment-a-ubisoft-studio-4425301418,Senior VFX Artist [Tom Clancy's The Division 2: Survivors],,scraped,2026-09-14T09:46:16.046581,
7f5a74bb3ae2bae3,https://se.linkedin.com/jobs/view/linux-systemadministrat%C3%B6r-at-nexer-group-4434536361,Linux Systemadministratör,,scraped,2026-09-14T09:46:22.429726,
441a1174600de70c,https://se.linkedin.com/jobs/view/sales-growth-coordinator-at-winassist-system-ab-4464773517,Sales & Growth Coordinator,,scraped,2026-09-14T09:46:30.777773,
049b3c4ee28322ad,https://se.linkedin.com/jobs/view/crash-safety-analysis-engineer-%E2%80%93-occupant-analysis-front-rear-at-tata-technologies-4464319839,Crash Safety Analysis Engineer – Occupant Analysis Front & Rear,,scraped,2026-09-14T09:46:38.325497,
fda5ae3815d725d1,https://se.linkedin.com/jobs/view/join-our-people-culture-team-as-an-hr-business-partner-at-clas-ohlson-4457702376,Join our People & Culture team as an HR Business Partner,,scraped,2026-09-14T09:46:45.025360,
409d386d54980249,https://se.linkedin.com/jobs/view/h%C3%A5llbarhetsutvecklare-med-inriktning-energi-at-str%C3%A4ngn%C3%A4s-kommun-4464682562,Hållbarhetsutvecklare med inriktning energi,,scraped,2026-09-14T09:46:51.486737,
cf856e0466b40391,https://se.linkedin.com/jobs/view/specialistl%C3%A4kare-i-allm%C3%A4nmedicin-till-v%C3%A5rdcentralen-tomelilla-at-region-sk%C3%A5ne-4465663191,Specialistläkare i allmänmedicin till Vårdcentralen Tomelilla,Region Skåne,failed|wp_post_failed,2026-09-14T09:47:07.144597,
510cd0179ba99afd,https://se.linkedin.com/jobs/view/farmaceut-till-kronans-apotek-i-visby-vi-hj%C3%A4lper-dig-p%C3%A5-traven-med-ditt-studiel%C3%A5n-%F0%9F%8E%93-at-kronans-apotek-4466309825,Farmaceut till Kronans Apotek i Visby - vi hjälper dig på traven med ditt studielån 🎓,,scraped,2026-09-14T09:47:09.840299,
353182975607f99d,https://se.linkedin.com/jobs/view/besiktningstekniker-till-besiktas-station-i-kil-at-besikta-bilprovning-4464696578,Besiktningstekniker till Besiktas station i Kil,,scraped,2026-09-14T09:47:16.191037,
a369cf373ff2816f,https://se.linkedin.com/jobs/view/operationssjuksk%C3%B6terska-till-operation-kirurgi-i-malm%C3%B6-at-region-sk%C3%A5ne-4458735644,Operationssjuksköterska till Operation Kirurgi i Malmö,Region Skåne,failed|wp_post_failed,2026-09-14T09:47:31.765763,
066f0c8dbdcf207f,https://se.linkedin.com/jobs/view/max-sisj%C3%B6n-s%C3%B6ker-bitr%C3%A4dande-restaurangchef-at-max-burgers-4466301374,MAX Sisjön söker biträdande restaurangchef,,scraped,2026-09-14T09:47:34.329830,
5bd7ac1d8f305efb,https://se.linkedin.com/jobs/view/software-engineer-backend-at-eberry-by-strawberry-4464244402,Software Engineer (Backend),,scraped,2026-09-14T09:47:41.331701,
89945fd0bb84daae,https://se.linkedin.com/jobs/view/data-scientist-at-h-m-4465636212,Data Scientist,H&M,failed|wp_post_failed,2026-09-14T09:47:58.602253,
b643867995616a37,https://se.linkedin.com/jobs/view/trafikanalytiker-och-trafikutformare-till-g%C3%B6teborg-at-sweco-4454663043,Trafikanalytiker och Trafikutformare till Göteborg,,scraped,2026-09-14T09:48:01.146821,
9852f66d160d2d8f,https://se.linkedin.com/jobs/view/senior-security-engineer-infrastructure-at-cgi-4438833068,Senior Security Engineer - Infrastructure,,scraped,2026-09-14T09:48:07.777158,
5d1c57d8c316103e,https://se.linkedin.com/jobs/view/supervisor-hotel-operations-m-f-d-at-ruby-group-4464521836,Supervisor Hotel Operations (m/f/d),,scraped,2026-09-14T09:48:14.344183,
a28156cf3cddc7f0,https://se.linkedin.com/jobs/view/medarbetare-till-statistik-om-hush%C3%A5llens-tillg%C3%A5ngar-och-skulder-at-statistics-sweden-4458767583,Medarbetare till statistik om hushållens tillgångar och skulder,,scraped,2026-09-14T09:48:22.182418,
ef859aca87f5ada7,https://se.linkedin.com/jobs/view/talent-acquisition-business-partner-at-sogeti-4455770439,Talent Acquisition Business Partner,,scraped,2026-09-14T09:48:29.290505,
57213b5228997321,https://se.linkedin.com/jobs/view/senior-ciam-security-engineer-at-jeppesen-foreflight-4437553477,Senior CIAM Security Engineer,Jeppesen ForeFlight,failed|wp_post_failed,2026-09-14T09:48:41.163896,
97395a6e5abda9b1,https://se.linkedin.com/jobs/view/mid-market-account-executive-swedish-speaking-at-ecoonline-4462991269,Mid-Market Account Executive - Swedish Speaking,,scraped,2026-09-14T09:48:43.785142,
e01a1314831db165,https://se.linkedin.com/jobs/view/data-privacy-officer-at-volvo-group-4464363048,Data Privacy Officer,,scraped,2026-09-14T09:48:50.489971,
ea4477d4f31e3d00,https://se.linkedin.com/jobs/view/site-integrated-planning-sr-specialist-at-philip-morris-international-4466305658,Site Integrated Planning Sr Specialist,,scraped,2026-09-14T09:48:57.441164,
8f9fb817478007dd,https://se.linkedin.com/jobs/view/product-security-lead-at-hiq-4434523783,Product Security Lead,,scraped,2026-09-14T09:49:04.311833,
701e09c5e687fef4,https://se.linkedin.com/jobs/view/systems-engineer-at-nira-dynamics-ab-4433177956,Systems Engineer,,scraped,2026-09-14T09:49:12.032328,
fa7e53c4cb5b412e,https://se.linkedin.com/jobs/view/manager-sales-planning-at-hyundai-motor-company-4464099716,"Manager, Sales Planning",,scraped,2026-09-14T09:49:19.010752,
4c0eb85e45c109af,https://se.linkedin.com/jobs/view/junior-skattekonsult-inom-individbeskattning-at-kpmg-sweden-4463974921,Junior skattekonsult inom individbeskattning,,scraped,2026-09-14T09:49:25.669705,
cff851d4e6365dae,https://se.linkedin.com/jobs/view/controller-at-%C3%A4ngelholms-kommun-4463216056,Controller,,scraped,2026-09-14T09:49:32.661777,
25fd51b093ee2ab5,https://se.linkedin.com/jobs/view/automotive-cybersecurity-sw-development-engineer-at-luxoft-4464317646,Automotive Cybersecurity SW Development Engineer,,scraped,2026-09-14T09:49:40.812867,
1f2c10b2e6fe2d67,https://se.linkedin.com/jobs/view/global-process-rollout-lead-at-addsecure-4442766376,Global Process Rollout Lead,,scraped,2026-09-14T09:49:48.720121,
93a0f87c256ea11e,https://se.linkedin.com/jobs/view/serviceelektriker-g%C3%B6teborg-at-caverion-4464184513,Serviceelektriker Göteborg,,scraped,2026-09-14T09:49:55.682757,
0a9d2e60f63031ec,https://se.linkedin.com/jobs/view/teknikansvarig-v%C3%A4g-och-mark-at-afry-4429531590,Teknikansvarig väg och mark,,scraped,2026-09-14T09:50:02.300134,
bb218d114a2ad24b,https://se.linkedin.com/jobs/view/learning-development-manager-at-nordic-knots-4464777449,Learning & Development Manager,,scraped,2026-09-14T09:50:08.829297,
261b8968decb5707,https://se.linkedin.com/jobs/view/azure-data-engineer-till-vinnergi-at-vinnergi-4465629318,Azure Data Engineer till Vinnergi,,scraped,2026-09-14T09:50:15.254383,
f08d789331347871,https://se.linkedin.com/jobs/view/operations-support-associate-swedish-speaking-at-foodora-4465728258,Operations Support Associate (Swedish-speaking),foodora,failed|wp_post_failed,2026-09-14T09:50:32.985425,
764ebab5eb31831b,https://se.linkedin.com/jobs/view/specialistl%C3%A4kare-i-lungmedicin-at-v%C3%A4stra-g%C3%B6talandsregionen-4466311428,Specialistläkare i Lungmedicin,,scraped,2026-09-14T09:50:35.496783,
a097552b89574d30,https://se.linkedin.com/jobs/view/backuptekniker-till-stockholm-at-s%C3%A4kerhetspolisen-4462598699,Backuptekniker till Stockholm,Säkerhetspolisen,failed|wp_post_failed,2026-09-14T09:50:52.671502,
2849a76f0ed35c2c,https://se.linkedin.com/jobs/view/line-lead-secondary-at-philip-morris-international-4465680898,Line Lead Secondary,,scraped,2026-09-14T09:50:55.316918,
8a817b4946fab677,https://se.linkedin.com/jobs/view/specialistl%C3%A4kare-allm%C3%A4nmedicin-at-n%C3%A4rh%C3%A4lsan-4465081735,Specialistläkare Allmänmedicin,,scraped,2026-09-14T09:51:02.027188,
67972212532f9d06,https://se.linkedin.com/jobs/view/k%C3%B6ksm%C3%A4stare-at-restaurang-2112-4464324622,Köksmästare,Restaurang 2112,failed|wp_post_failed,2026-09-14T09:51:16.845198,
226b9433e56178b1,https://se.linkedin.com/jobs/view/pwc-s%C3%B6ker-revisor-med-erfarenhet-at-pwc-sweden-4456309453,PwC söker revisor med erfarenhet,,scraped,2026-09-14T09:51:19.456978,
2ae338d7d6660858,https://se.linkedin.com/jobs/view/parkeringsvakt-at-ystads-kommun-4464850072,Parkeringsvakt,,scraped,2026-09-14T09:51:25.962087,
9b8ab942c4ab7646,https://se.linkedin.com/jobs/view/planerare-beredare-till-mediacentralen-at-lkab-4457090766,Planerare/beredare till Mediacentralen,,scraped,2026-09-14T09:51:33.133979,
83ba20505c7a19b2,https://se.linkedin.com/jobs/view/senior-3d-character-artist-at-snowprint-studios-4463547615,Senior 3D Character Artist,,scraped,2026-09-14T09:51:40.939420,
7f4fca87d799af9c,https://se.linkedin.com/jobs/view/implementation-specialist-swedish-market-at-instabee-4436043784,Implementation specialist - Swedish market,,scraped,2026-09-14T09:51:49.729319,
bb98bfbb4ce5a93c,https://se.linkedin.com/jobs/view/maskiningenj%C3%B6r-at-hughes-power-system-ab-4462574375,Maskiningenjör,,scraped,2026-09-14T09:51:56.083784,
459e8d4ce7cdd83a,https://se.linkedin.com/jobs/view/electronic-technician-at-swedish-match-4464612310,Electronic Technician,,scraped,2026-09-14T09:52:02.993146,
4349db6d94c6f753,https://se.linkedin.com/jobs/view/assisterande-restaurangchef-at-chopchop-asian-express-4464826732,Assisterande restaurangchef,,scraped,2026-09-14T09:52:09.600715,
fa7c1ef60e8c219b,https://se.linkedin.com/jobs/view/elkonstrukt%C3%B6r-at-e-tec-elkonsult-4464270930,Elkonstruktör,,scraped,2026-09-14T09:52:17.648466,
320426840ac37690,https://se.linkedin.com/jobs/view/besiktningstekniker-till-besiktas-station-i-%C3%B6rnsk%C3%B6ldsvik-at-besikta-bilprovning-4464909131,Besiktningstekniker till Besiktas station i Örnsköldsvik,,scraped,2026-09-14T09:52:24.711919,
ec1c2c93a575ee71,https://se.linkedin.com/jobs/view/cs-nordic-operations-specialist-at-viaplay-group-4454772493,CS Nordic Operations Specialist,,scraped,2026-09-14T09:52:31.737793,
6e2eb492bb16a75c,https://se.linkedin.com/jobs/view/project-manager-data-center-delivery-sweden-at-verda-4463250369,"Project Manager: Data Center Delivery, Sweden",,scraped,2026-09-14T09:52:38.522961,
d9bff08afc675ba1,https://se.linkedin.com/jobs/view/asset-manager-wind-farms-at-pertemps-network-group-4462502597,Asset Manager | Wind Farms,,scraped,2026-09-14T09:52:45.063240,
75af9366fa3bfeed,https://se.linkedin.com/jobs/view/produktionsingenj%C3%B6r-at-ikg-group-ab-selected-engineers-4464530318,Produktionsingenjör,IKG GROUP AB SELECTED ENGINEERS,failed|wp_post_failed,2026-09-14T09:52:58.379613,
ca1f1829de479ac4,https://se.linkedin.com/jobs/view/manager-controls-engineering-emea-north-at-equinix-4454107212,"Manager, Controls Engineering- EMEA North",Equinix,failed|wp_post_failed,2026-09-14T09:53:06.645467,
6892a1009dd950a9,https://se.linkedin.com/jobs/view/s%C3%A4ljchef-till-borl%C3%A4nge-at-imagine-vfx-4462982891,Säljchef till Borlänge,Imagine VFX,failed|wp_post_failed,2026-09-14T09:53:14.790971,
579eca2083dce425,https://se.linkedin.com/jobs/view/projektledare-vvs-at-optimal-vvs-ab-4463873756,Projektledare VVS,,scraped,2026-09-14T09:53:17.368053,
453e07387b3295fa,https://se.linkedin.com/jobs/view/manufacturing-engineer-at-husqvarna-group-4464208362,Manufacturing Engineer,,scraped,2026-09-14T09:53:23.579884,
1ce6ed84e6cd24b3,https://se.linkedin.com/jobs/view/php-developer-at-knowit-4463036861,PHP Developer,,scraped,2026-09-14T09:53:30.143518,
b5102902c53c2fe0,https://se.linkedin.com/jobs/view/senior-software-engineer-at-voyado-4464809012,Senior Software Engineer,,scraped,2026-09-14T09:53:37.321180,
274d65cd7a1e5ef7,https://se.linkedin.com/jobs/view/full-stack-engineer-at-tenth-revolution-group-4458096505,Full Stack Engineer,,scraped,2026-09-14T09:53:45.548251,
b113c08f7a0703b5,https://se.linkedin.com/jobs/view/head-of-structural-design-%E2%80%93-wsp-sverige-at-wsp-i-sverige-4428705558,Head of Structural Design – WSP Sverige,WSP i Sverige,failed|wp_post_failed,2026-09-14T09:54:01.337846,
e9dce6b305fe4a60,https://se.linkedin.com/jobs/view/installationskonsult-at-wsp-i-sverige-4422011180,Installationskonsult,WSP i Sverige,failed|wp_post_failed,2026-09-14T09:54:12.769404,
dca08803455b2d84,https://se.linkedin.com/jobs/view/vvs-konstrukt%C3%B6r-med-fokus-geoenergi-at-wsp-i-sverige-4406587475,VVS-konstruktör med fokus geoenergi,WSP i Sverige,failed|wp_post_failed,2026-09-14T09:54:23.546511,
a4d72d4b1c291f19,https://se.linkedin.com/jobs/view/uppdragsansvarig-konstrukt%C3%B6r-at-wsp-i-sverige-4428041114,Uppdragsansvarig konstruktör,WSP i Sverige,failed|wp_post_failed,2026-09-14T09:54:34.324443,
998724d5e49b4f89,https://se.linkedin.com/jobs/view/devops-ci-ingenj%C3%B6rer-till-f%C3%B6rsvarsindustrin-at-nexer-group-4463066404,DevOps / CI ingenjörer till försvarsindustrin,,scraped,2026-09-14T09:54:36.945867,
7e369065acd87a85,https://se.linkedin.com/jobs/view/statistiker-till-stockholm-at-sweco-4463017901,Statistiker till Stockholm,,scraped,2026-09-14T09:54:45.256321,
6a1a085682a793a0,https://se.linkedin.com/jobs/view/senior-consultant-ot-industrial-cybersecurity-manufacturing-at-cgi-4429711234,"Senior Consultant, OT & Industrial Cybersecurity Manufacturing",,scraped,2026-09-14T09:54:51.874460,
52838cd1ed2236dd,https://se.linkedin.com/jobs/view/geotekniker-j%C3%B6nk%C3%B6ping-at-wsp-i-sverige-4456247024,Geotekniker Jönköping,WSP i Sverige,failed|wp_post_failed,2026-09-14T09:55:06.473444,
0d2a3062e2738fbf,https://se.linkedin.com/jobs/view/enhetschef-till-kirurgiavdelning-1-och-2-i-malm%C3%B6-at-region-sk%C3%A5ne-4464650541,Enhetschef till Kirurgiavdelning 1 och 2 i Malmö,Region Skåne,failed|wp_post_failed,2026-09-14T09:55:17.544345,
